* Nsikak Thompson nsikakthompson73@gmail.com
//Added your name below

* Emmanuel Nelson eul.nelson@gmail.com
* Evidence Ekanem ekanemevidence@gmail.com
* Enobong Okpongete enookpongete@gmail.com
* Abraham Ubit ubitabraham@gmail.com
* Emmanuel John emmanuelhashy@gmail.com
* Eric Bassey   ebericbassey@gmail.com
* Oladokun Oluwasegun Oladokunoluwasegun@gmail.com
* Ememobong Akpanekpo emayoung95@gmail.com
* Amaizu Melody maconzy12@gmail.com
* Enobong Augustine     enobongaugustine@gmail.com
* Samfield Hawb Bassey	samfield4sure@gmail.com

* Aniekan Edet   aniesedet@gmail.com
* Andikan Affiah  andikanaffiah@gmail.com
* Emmanuel Michael emmanuel77michael@gmail.com
* Etieneabasi Sunday abasi.asuquo@gmail.com
* Utibe Etim etim.utibe@gmail.com
* Umoh Umoh Udonwa umohu67@gmail.com
* Uyo-obong Sunday uyoobonga@gmail.com
* Felicia Udosen udosenfelicia@gmail.com
* Mfon Etim    mfons5555@gmail.com
* Aniebiet Onoyom aniebietonoyom32@gmail.com
* Bassey Bassey   basseyumera2@gmail.com
* kingsley ubong quinnfabulouz001@gmail.com
* Chima Prosper  chimaprosperukoma@gmail.com
* Imaobong Elijah imaeliobot@gmail.com
* Eze Nnnamdi Richard  ezennamdirichard@gmail.com
* Esther James  jamesesther396@gmail.com
* DANIEL DANIEL danielekanems@gmail.com
* Udori Joseph
* Utibeabasi Ben utibeabasiben@yahoo.com
* Precious Usanga precioususanga001@gmail.com
* Ette Mfon ettemfon98@gmail.com
* Idongesit Paulinus, nobleidy005@gmail.com

